sim,img1,img2
20,01.jpg,10.jpg
20,02.jpg,09.jpg
20,03.jpg,08.jpg
20,04.jpg,07.jpg
20,05.jpg,06.jpg
20,06.jpg,05.jpg
20,07.jpg,04.jpg
20,08.jpg,03.jpg
20,09.jpg,02.jpg
20,10.jpg,01.jpg
20,11.jpg,17.jpg
20,12.jpg,16.jpg
20,13.jpg,15.jpg
20,14.jpg,14.jpg
20,15.jpg,13.jpg
20,16.jpg,12.jpg
20,17.jpg,11.jpg
20,18.jpg,24.jpg
20,19.jpg,23.jpg
20,20.jpg,22.jpg
20,21.jpg,21.jpg
20,22.jpg,20.jpg
20,23.jpg,19.jpg
20,24.jpg,18.jpg
20,25.jpg,30.jpg
20,26.jpg,29.jpg
20,27.jpg,28.jpg
20,28.jpg,27.jpg
20,29.jpg,26.jpg
20,30.jpg,25.jpg
10,01.jpg,11.jpg
10,02.jpg,12.jpg
10,03.jpg,13.jpg
10,04.jpg,14.jpg
10,05.jpg,15.jpg
10,06.jpg,16.jpg
10,07.jpg,17.jpg
10,08.jpg,11.jpg
10,09.jpg,13.jpg
10,10.jpg,14.jpg
5,01.jpg,18.jpg
5,02.jpg,19.jpg
5,03.jpg,20.jpg
5,04.jpg,21.jpg
5,05.jpg,22.jpg
5,06.jpg,23.jpg
5,07.jpg,24.jpg
5,08.jpg,20.jpg
5,09.jpg,19.jpg
5,25.jpg,01.jpg
5,26.jpg,03.jpg
5,27.jpg,04.jpg
5,28.jpg,05.jpg
5,29.jpg,08.jpg
5,30.jpg,07.jpg
5,11.jpg,18.jpg
5,12.jpg,19.jpg
5,13.jpg,20.jpg
5,14.jpg,21.jpg
5,15.jpg,22.jpg
5,16.jpg,23.jpg
5,17.jpg,24.jpg
5,11.jpg,25.jpg
5,12.jpg,26.jpg
5,13.jpg,27.jpg
5,14.jpg,28.jpg
5,15.jpg,29.jpg
5,16.jpg,30.jpg
5,17.jpg,27.jpg
10,25.jpg,18.jpg
10,26.jpg,19.jpg
10,27.jpg,20.jpg
10,28.jpg,21.jpg
10,29.jpg,22.jpg
10,30.jpg,23.jpg
